,Survived,Pclass,Sex,Age,SibSp,Fare
count,891.0,891.0,891,714.0,891.0,891.0
unique,,,2,,,
top,,,male,,,
freq,,,577,,,
mean,0.3838383838383838,2.308641975308642,,29.69911764705882,0.5230078563411896,32.2042079685746
std,0.4865924542648585,0.8360712409770513,,14.526497332334044,1.1027434322934275,49.693428597180905
min,0.0,1.0,,0.42,0.0,0.0
25%,0.0,2.0,,20.125,0.0,7.9104
50%,0.0,3.0,,28.0,0.0,14.4542
75%,1.0,3.0,,38.0,1.0,31.0
max,1.0,3.0,,80.0,8.0,512.3292
